[{"model": "admin.logentry", "pk": 1, "fields": {"action_time": "2021-01-28T13:34:11.930Z", "user": 1, "content_type": 7, "object_id": "1", "object_repr": "Product object (1)", "action_flag": 1, "change_message": "[{\"added\": {}}]"}}, {"model": "admin.logentry", "pk": 2, "fields": {"action_time": "2021-01-28T13:37:16.262Z", "user": 1, "content_type": 7, "object_id": "2", "object_repr": "Product object (2)", "action_flag": 1, "change_message": "[{\"added\": {}}]"}}, {"model": "admin.logentry", "pk": 3, "fields": {"action_time": "2021-01-28T13:42:18.987Z", "user": 1, "content_type": 8, "object_id": "1", "object_repr": "Category object (1)", "action_flag": 1, "change_message": "[{\"added\": {}}]"}}, {"model": "admin.logentry", "pk": 4, "fields": {"action_time": "2021-01-28T13:42:26.865Z", "user": 1, "content_type": 8, "object_id": "2", "object_repr": "Category object (2)", "action_flag": 1, "change_message": "[{\"added\": {}}]"}}, {"model": "admin.logentry", "pk": 5, "fields": {"action_time": "2021-01-28T13:42:36.962Z", "user": 1, "content_type": 8, "object_id": "2", "object_repr": "Category object (2)", "action_flag": 3, "change_message": ""}}, {"model": "admin.logentry", "pk": 6, "fields": {"action_time": "2021-01-28T13:42:50.545Z", "user": 1, "content_type": 8, "object_id": "3", "object_repr": "Category object (3)", "action_flag": 1, "change_message": "[{\"added\": {}}]"}}, {"model": "admin.logentry", "pk": 7, "fields": {"action_time": "2021-01-28T14:55:23.256Z", "user": 1, "content_type": 8, "object_id": "4", "object_repr": "Vegetable", "action_flag": 1, "change_message": "[{\"added\": {}}]"}}, {"model": "admin.logentry", "pk": 8, "fields": {"action_time": "2021-01-28T14:59:35.195Z", "user": 1, "content_type": 7, "object_id": "3", "object_repr": "Product object (3)", "action_flag": 1, "change_message": "[{\"added\": {}}]"}}, {"model": "admin.logentry", "pk": 9, "fields": {"action_time": "2021-01-28T15:00:36.529Z", "user": 1, "content_type": 7, "object_id": "4", "object_repr": "Product object (4)", "action_flag": 1, "change_message": "[{\"added\": {}}]"}}, {"model": "admin.logentry", "pk": 10, "fields": {"action_time": "2021-01-28T15:01:19.599Z", "user": 1, "content_type": 7, "object_id": "5", "object_repr": "Product object (5)", "action_flag": 1, "change_message": "[{\"added\": {}}]"}}, {"model": "admin.logentry", "pk": 11, "fields": {"action_time": "2021-01-28T15:02:06.488Z", "user": 1, "content_type": 7, "object_id": "6", "object_repr": "Product object (6)", "action_flag": 1, "change_message": "[{\"added\": {}}]"}}, {"model": "admin.logentry", "pk": 12, "fields": {"action_time": "2021-01-28T15:02:48.810Z", "user": 1, "content_type": 7, "object_id": "7", "object_repr": "Product object (7)", "action_flag": 1, "change_message": "[{\"added\": {}}]"}}, {"model": "admin.logentry", "pk": 13, "fields": {"action_time": "2021-01-28T15:03:36.445Z", "user": 1, "content_type": 7, "object_id": "8", "object_repr": "Product object (8)", "action_flag": 1, "change_message": "[{\"added\": {}}]"}}, {"model": "admin.logentry", "pk": 14, "fields": {"action_time": "2021-01-28T15:04:23.502Z", "user": 1, "content_type": 7, "object_id": "9", "object_repr": "Product object (9)", "action_flag": 1, "change_message": "[{\"added\": {}}]"}}, {"model": "admin.logentry", "pk": 15, "fields": {"action_time": "2021-01-28T15:05:01.169Z", "user": 1, "content_type": 7, "object_id": "10", "object_repr": "Product object (10)", "action_flag": 1, "change_message": "[{\"added\": {}}]"}}, {"model": "admin.logentry", "pk": 16, "fields": {"action_time": "2021-01-28T15:05:34.505Z", "user": 1, "content_type": 7, "object_id": "11", "object_repr": "Product object (11)", "action_flag": 1, "change_message": "[{\"added\": {}}]"}}, {"model": "admin.logentry", "pk": 17, "fields": {"action_time": "2021-01-28T15:08:42.308Z", "user": 1, "content_type": 7, "object_id": "12", "object_repr": "Product object (12)", "action_flag": 1, "change_message": "[{\"added\": {}}]"}}, {"model": "admin.logentry", "pk": 18, "fields": {"action_time": "2021-01-28T15:27:18.669Z", "user": 1, "content_type": 7, "object_id": "13", "object_repr": "Product object (13)", "action_flag": 1, "change_message": "[{\"added\": {}}]"}}, {"model": "admin.logentry", "pk": 19, "fields": {"action_time": "2021-01-28T15:27:47.969Z", "user": 1, "content_type": 7, "object_id": "14", "object_repr": "Product object (14)", "action_flag": 1, "change_message": "[{\"added\": {}}]"}}, {"model": "admin.logentry", "pk": 20, "fields": {"action_time": "2021-01-28T15:28:19.681Z", "user": 1, "content_type": 7, "object_id": "15", "object_repr": "Product object (15)", "action_flag": 1, "change_message": "[{\"added\": {}}]"}}, {"model": "admin.logentry", "pk": 21, "fields": {"action_time": "2021-01-28T15:28:57.959Z", "user": 1, "content_type": 7, "object_id": "16", "object_repr": "Product object (16)", "action_flag": 1, "change_message": "[{\"added\": {}}]"}}, {"model": "admin.logentry", "pk": 22, "fields": {"action_time": "2021-01-28T15:29:49.008Z", "user": 1, "content_type": 7, "object_id": "17", "object_repr": "Product object (17)", "action_flag": 1, "change_message": "[{\"added\": {}}]"}}, {"model": "admin.logentry", "pk": 23, "fields": {"action_time": "2021-01-28T15:30:23.483Z", "user": 1, "content_type": 7, "object_id": "18", "object_repr": "Product object (18)", "action_flag": 1, "change_message": "[{\"added\": {}}]"}}, {"model": "admin.logentry", "pk": 24, "fields": {"action_time": "2021-01-28T15:31:03.351Z", "user": 1, "content_type": 7, "object_id": "19", "object_repr": "Product object (19)", "action_flag": 1, "change_message": "[{\"added\": {}}]"}}, {"model": "admin.logentry", "pk": 25, "fields": {"action_time": "2021-01-28T15:31:42.430Z", "user": 1, "content_type": 7, "object_id": "20", "object_repr": "Product object (20)", "action_flag": 1, "change_message": "[{\"added\": {}}]"}}, {"model": "admin.logentry", "pk": 26, "fields": {"action_time": "2021-01-28T15:32:32.053Z", "user": 1, "content_type": 7, "object_id": "21", "object_repr": "Product object (21)", "action_flag": 1, "change_message": "[{\"added\": {}}]"}}, {"model": "admin.logentry", "pk": 27, "fields": {"action_time": "2021-01-28T15:33:05.809Z", "user": 1, "content_type": 7, "object_id": "22", "object_repr": "Product object (22)", "action_flag": 1, "change_message": "[{\"added\": {}}]"}}, {"model": "admin.logentry", "pk": 28, "fields": {"action_time": "2021-01-28T15:33:35.765Z", "user": 1, "content_type": 7, "object_id": "23", "object_repr": "Product object (23)", "action_flag": 1, "change_message": "[{\"added\": {}}]"}}, {"model": "admin.logentry", "pk": 29, "fields": {"action_time": "2021-01-31T09:43:06.913Z", "user": 1, "content_type": 8, "object_id": "5", "object_repr": "Mobile", "action_flag": 1, "change_message": "[{\"added\": {}}]"}}, {"model": "admin.logentry", "pk": 30, "fields": {"action_time": "2021-02-02T07:08:38.805Z", "user": 1, "content_type": 7, "object_id": "24", "object_repr": "Product object (24)", "action_flag": 1, "change_message": "[{\"added\": {}}]"}}, {"model": "admin.logentry", "pk": 31, "fields": {"action_time": "2021-02-02T07:09:37.577Z", "user": 1, "content_type": 7, "object_id": "25", "object_repr": "Product object (25)", "action_flag": 1, "change_message": "[{\"added\": {}}]"}}, {"model": "admin.logentry", "pk": 32, "fields": {"action_time": "2021-02-02T07:11:12.344Z", "user": 1, "content_type": 7, "object_id": "26", "object_repr": "Product object (26)", "action_flag": 1, "change_message": "[{\"added\": {}}]"}}, {"model": "admin.logentry", "pk": 33, "fields": {"action_time": "2021-02-02T07:26:49.966Z", "user": 1, "content_type": 7, "object_id": "27", "object_repr": "Product object (27)", "action_flag": 1, "change_message": "[{\"added\": {}}]"}}, {"model": "admin.logentry", "pk": 34, "fields": {"action_time": "2021-02-02T07:27:46.912Z", "user": 1, "content_type": 7, "object_id": "28", "object_repr": "Product object (28)", "action_flag": 1, "change_message": "[{\"added\": {}}]"}}, {"model": "admin.logentry", "pk": 35, "fields": {"action_time": "2021-02-20T06:40:37.071Z", "user": 1, "content_type": 9, "object_id": "6", "object_repr": "ashu1", "action_flag": 3, "change_message": ""}}, {"model": "admin.logentry", "pk": 36, "fields": {"action_time": "2021-02-20T06:40:37.241Z", "user": 1, "content_type": 9, "object_id": "5", "object_repr": "jilu", "action_flag": 3, "change_message": ""}}, {"model": "admin.logentry", "pk": 37, "fields": {"action_time": "2021-02-20T06:40:37.281Z", "user": 1, "content_type": 9, "object_id": "4", "object_repr": "jilu", "action_flag": 3, "change_message": ""}}, {"model": "admin.logentry", "pk": 38, "fields": {"action_time": "2021-02-20T06:40:37.355Z", "user": 1, "content_type": 9, "object_id": "3", "object_repr": "jilu", "action_flag": 3, "change_message": ""}}, {"model": "admin.logentry", "pk": 39, "fields": {"action_time": "2021-02-20T06:40:37.424Z", "user": 1, "content_type": 9, "object_id": "2", "object_repr": "silu", "action_flag": 3, "change_message": ""}}, {"model": "admin.logentry", "pk": 40, "fields": {"action_time": "2021-02-20T06:40:37.459Z", "user": 1, "content_type": 9, "object_id": "1", "object_repr": "ashu", "action_flag": 3, "change_message": ""}}, {"model": "admin.logentry", "pk": 41, "fields": {"action_time": "2021-02-20T09:19:43.505Z", "user": 1, "content_type": 9, "object_id": "11", "object_repr": "silu", "action_flag": 3, "change_message": ""}}, {"model": "admin.logentry", "pk": 42, "fields": {"action_time": "2021-02-20T09:19:43.585Z", "user": 1, "content_type": 9, "object_id": "10", "object_repr": "ashu1", "action_flag": 3, "change_message": ""}}, {"model": "admin.logentry", "pk": 43, "fields": {"action_time": "2021-02-20T09:19:43.625Z", "user": 1, "content_type": 9, "object_id": "9", "object_repr": "jilu", "action_flag": 3, "change_message": ""}}, {"model": "admin.logentry", "pk": 44, "fields": {"action_time": "2021-02-20T09:19:43.665Z", "user": 1, "content_type": 9, "object_id": "8", "object_repr": "ashu", "action_flag": 3, "change_message": ""}}, {"model": "admin.logentry", "pk": 45, "fields": {"action_time": "2021-02-20T09:19:43.697Z", "user": 1, "content_type": 9, "object_id": "7", "object_repr": "ashu", "action_flag": 3, "change_message": ""}}, {"model": "admin.logentry", "pk": 46, "fields": {"action_time": "2021-03-06T04:10:35.027Z", "user": 1, "content_type": 9, "object_id": "17", "object_repr": "Ashutosh", "action_flag": 3, "change_message": ""}}, {"model": "admin.logentry", "pk": 47, "fields": {"action_time": "2021-03-06T04:10:35.141Z", "user": 1, "content_type": 9, "object_id": "16", "object_repr": "ashu", "action_flag": 3, "change_message": ""}}, {"model": "admin.logentry", "pk": 48, "fields": {"action_time": "2021-03-06T04:10:35.174Z", "user": 1, "content_type": 9, "object_id": "15", "object_repr": "jilu", "action_flag": 3, "change_message": ""}}, {"model": "admin.logentry", "pk": 49, "fields": {"action_time": "2021-03-06T04:10:35.236Z", "user": 1, "content_type": 9, "object_id": "14", "object_repr": "ashu2", "action_flag": 3, "change_message": ""}}, {"model": "admin.logentry", "pk": 50, "fields": {"action_time": "2021-03-06T04:10:35.334Z", "user": 1, "content_type": 9, "object_id": "13", "object_repr": "jilu", "action_flag": 3, "change_message": ""}}, {"model": "admin.logentry", "pk": 51, "fields": {"action_time": "2021-03-06T04:10:35.401Z", "user": 1, "content_type": 9, "object_id": "12", "object_repr": "ashu", "action_flag": 3, "change_message": ""}}, {"model": "admin.logentry", "pk": 52, "fields": {"action_time": "2021-03-06T05:00:24.376Z", "user": 1, "content_type": 9, "object_id": "19", "object_repr": "jilu", "action_flag": 3, "change_message": ""}}, {"model": "admin.logentry", "pk": 53, "fields": {"action_time": "2021-03-06T05:00:24.467Z", "user": 1, "content_type": 9, "object_id": "18", "object_repr": "ashu", "action_flag": 3, "change_message": ""}}, {"model": "admin.logentry", "pk": 54, "fields": {"action_time": "2021-03-06T16:10:43.051Z", "user": 1, "content_type": 10, "object_id": "1", "object_repr": "Order object (1)", "action_flag": 1, "change_message": "[{\"added\": {}}]"}}, {"model": "admin.logentry", "pk": 55, "fields": {"action_time": "2021-03-06T17:30:53.305Z", "user": 1, "content_type": 10, "object_id": "2", "object_repr": "Order object (2)", "action_flag": 1, "change_message": "[{\"added\": {}}]"}}, {"model": "admin.logentry", "pk": 56, "fields": {"action_time": "2021-03-09T14:40:35.882Z", "user": 1, "content_type": 10, "object_id": "2", "object_repr": "Order object (2)", "action_flag": 2, "change_message": "[]"}}, {"model": "admin.logentry", "pk": 57, "fields": {"action_time": "2021-03-09T14:48:36.745Z", "user": 1, "content_type": 10, "object_id": "3", "object_repr": "Order object (3)", "action_flag": 1, "change_message": "[{\"added\": {}}]"}}, {"model": "admin.logentry", "pk": 58, "fields": {"action_time": "2021-03-11T02:03:59.971Z", "user": 1, "content_type": 10, "object_id": "3", "object_repr": "Order object (3)", "action_flag": 3, "change_message": ""}}, {"model": "admin.logentry", "pk": 59, "fields": {"action_time": "2021-03-11T02:04:00.121Z", "user": 1, "content_type": 10, "object_id": "2", "object_repr": "Order object (2)", "action_flag": 3, "change_message": ""}}, {"model": "admin.logentry", "pk": 60, "fields": {"action_time": "2021-03-11T02:04:00.156Z", "user": 1, "content_type": 10, "object_id": "1", "object_repr": "Order object (1)", "action_flag": 3, "change_message": ""}}, {"model": "admin.logentry", "pk": 61, "fields": {"action_time": "2021-03-11T03:13:51.550Z", "user": 1, "content_type": 10, "object_id": "6", "object_repr": "Order object (6)", "action_flag": 2, "change_message": "[{\"changed\": {\"fields\": [\"Status\"]}}]"}}, {"model": "admin.logentry", "pk": 62, "fields": {"action_time": "2021-03-11T03:20:03.882Z", "user": 1, "content_type": 10, "object_id": "4", "object_repr": "Order object (4)", "action_flag": 2, "change_message": "[{\"changed\": {\"fields\": [\"Status\"]}}]"}}, {"model": "admin.logentry", "pk": 63, "fields": {"action_time": "2021-03-11T08:24:41.567Z", "user": 1, "content_type": 7, "object_id": "1", "object_repr": "Product object (1)", "action_flag": 2, "change_message": "[{\"changed\": {\"fields\": [\"Image\"]}}]"}}, {"model": "admin.logentry", "pk": 64, "fields": {"action_time": "2021-03-11T08:28:36.205Z", "user": 1, "content_type": 7, "object_id": "2", "object_repr": "Product object (2)", "action_flag": 2, "change_message": "[{\"changed\": {\"fields\": [\"Image\"]}}]"}}, {"model": "admin.logentry", "pk": 65, "fields": {"action_time": "2021-03-24T08:14:03.830Z", "user": 1, "content_type": 10, "object_id": "20", "object_repr": "Order object (20)", "action_flag": 2, "change_message": "[{\"changed\": {\"fields\": [\"Status\"]}}]"}}, {"model": "admin.logentry", "pk": 66, "fields": {"action_time": "2021-03-24T08:19:38.768Z", "user": 1, "content_type": 10, "object_id": "18", "object_repr": "Order object (18)", "action_flag": 2, "change_message": "[{\"changed\": {\"fields\": [\"Status\"]}}]"}}, {"model": "admin.logentry", "pk": 67, "fields": {"action_time": "2021-03-24T08:22:27.562Z", "user": 1, "content_type": 9, "object_id": "21", "object_repr": "jilu", "action_flag": 3, "change_message": ""}}, {"model": "admin.logentry", "pk": 68, "fields": {"action_time": "2021-03-24T08:22:27.647Z", "user": 1, "content_type": 9, "object_id": "20", "object_repr": "ashu", "action_flag": 3, "change_message": ""}}, {"model": "admin.logentry", "pk": 69, "fields": {"action_time": "2021-03-24T08:22:49.330Z", "user": 1, "content_type": 10, "object_id": "13", "object_repr": "Order object (13)", "action_flag": 2, "change_message": "[{\"changed\": {\"fields\": [\"Status\"]}}]"}}, {"model": "admin.logentry", "pk": 70, "fields": {"action_time": "2021-03-24T08:24:48.201Z", "user": 1, "content_type": 9, "object_id": "22", "object_repr": "Ashutosh", "action_flag": 3, "change_message": ""}}, {"model": "admin.logentry", "pk": 71, "fields": {"action_time": "2021-03-24T08:54:13.782Z", "user": 1, "content_type": 10, "object_id": "21", "object_repr": "Order object (21)", "action_flag": 2, "change_message": "[{\"changed\": {\"fields\": [\"Status\"]}}]"}}, {"model": "admin.logentry", "pk": 72, "fields": {"action_time": "2021-03-24T08:59:39.329Z", "user": 1, "content_type": 10, "object_id": "26", "object_repr": "Order object (26)", "action_flag": 2, "change_message": "[{\"changed\": {\"fields\": [\"Status\"]}}]"}}, {"model": "admin.logentry", "pk": 73, "fields": {"action_time": "2021-03-26T08:40:23.823Z", "user": 1, "content_type": 10, "object_id": "29", "object_repr": "Order object (29)", "action_flag": 2, "change_message": "[{\"changed\": {\"fields\": [\"Status\"]}}]"}}, {"model": "admin.logentry", "pk": 74, "fields": {"action_time": "2021-03-26T08:42:49.147Z", "user": 1, "content_type": 10, "object_id": "29", "object_repr": "Order object (29)", "action_flag": 3, "change_message": ""}}, {"model": "admin.logentry", "pk": 75, "fields": {"action_time": "2021-03-26T08:42:49.191Z", "user": 1, "content_type": 10, "object_id": "28", "object_repr": "Order object (28)", "action_flag": 3, "change_message": ""}}, {"model": "admin.logentry", "pk": 76, "fields": {"action_time": "2021-03-26T08:42:49.226Z", "user": 1, "content_type": 10, "object_id": "27", "object_repr": "Order object (27)", "action_flag": 3, "change_message": ""}}, {"model": "admin.logentry", "pk": 77, "fields": {"action_time": "2021-03-26T08:42:49.260Z", "user": 1, "content_type": 10, "object_id": "26", "object_repr": "Order object (26)", "action_flag": 3, "change_message": ""}}, {"model": "admin.logentry", "pk": 78, "fields": {"action_time": "2021-03-26T08:42:49.296Z", "user": 1, "content_type": 10, "object_id": "25", "object_repr": "Order object (25)", "action_flag": 3, "change_message": ""}}, {"model": "admin.logentry", "pk": 79, "fields": {"action_time": "2021-03-26T08:42:49.331Z", "user": 1, "content_type": 10, "object_id": "24", "object_repr": "Order object (24)", "action_flag": 3, "change_message": ""}}, {"model": "admin.logentry", "pk": 80, "fields": {"action_time": "2021-03-26T08:42:49.411Z", "user": 1, "content_type": 10, "object_id": "23", "object_repr": "Order object (23)", "action_flag": 3, "change_message": ""}}, {"model": "admin.logentry", "pk": 81, "fields": {"action_time": "2021-03-26T08:42:49.446Z", "user": 1, "content_type": 10, "object_id": "22", "object_repr": "Order object (22)", "action_flag": 3, "change_message": ""}}, {"model": "admin.logentry", "pk": 82, "fields": {"action_time": "2021-03-26T08:42:49.481Z", "user": 1, "content_type": 10, "object_id": "21", "object_repr": "Order object (21)", "action_flag": 3, "change_message": ""}}, {"model": "admin.logentry", "pk": 83, "fields": {"action_time": "2021-03-27T19:06:19.294Z", "user": 1, "content_type": 10, "object_id": "36", "object_repr": "Order object (36)", "action_flag": 3, "change_message": ""}}, {"model": "admin.logentry", "pk": 84, "fields": {"action_time": "2021-03-27T19:06:19.386Z", "user": 1, "content_type": 10, "object_id": "35", "object_repr": "Order object (35)", "action_flag": 3, "change_message": ""}}, {"model": "admin.logentry", "pk": 85, "fields": {"action_time": "2021-03-27T19:06:19.500Z", "user": 1, "content_type": 10, "object_id": "34", "object_repr": "Order object (34)", "action_flag": 3, "change_message": ""}}, {"model": "admin.logentry", "pk": 86, "fields": {"action_time": "2021-03-27T19:06:19.546Z", "user": 1, "content_type": 10, "object_id": "33", "object_repr": "Order object (33)", "action_flag": 3, "change_message": ""}}, {"model": "admin.logentry", "pk": 87, "fields": {"action_time": "2021-03-27T19:06:19.625Z", "user": 1, "content_type": 10, "object_id": "32", "object_repr": "Order object (32)", "action_flag": 3, "change_message": ""}}, {"model": "admin.logentry", "pk": 88, "fields": {"action_time": "2021-03-27T19:06:19.660Z", "user": 1, "content_type": 10, "object_id": "31", "object_repr": "Order object (31)", "action_flag": 3, "change_message": ""}}, {"model": "admin.logentry", "pk": 89, "fields": {"action_time": "2021-03-27T19:06:19.696Z", "user": 1, "content_type": 10, "object_id": "30", "object_repr": "Order object (30)", "action_flag": 3, "change_message": ""}}, {"model": "admin.logentry", "pk": 90, "fields": {"action_time": "2021-03-29T17:58:22.131Z", "user": 1, "content_type": 10, "object_id": "42", "object_repr": "Order object (42)", "action_flag": 2, "change_message": "[{\"changed\": {\"fields\": [\"Phone\", \"Status\"]}}]"}}, {"model": "admin.logentry", "pk": 91, "fields": {"action_time": "2021-06-19T08:17:15.031Z", "user": 1, "content_type": 10, "object_id": "50", "object_repr": "Order object (50)", "action_flag": 2, "change_message": "[{\"changed\": {\"fields\": [\"Customer\", \"Phone\"]}}]"}}, {"model": "admin.logentry", "pk": 92, "fields": {"action_time": "2021-06-19T08:19:38.521Z", "user": 1, "content_type": 9, "object_id": "28", "object_repr": "aaaaaaaaa", "action_flag": 3, "change_message": ""}}, {"model": "admin.logentry", "pk": 93, "fields": {"action_time": "2021-06-19T08:19:52.873Z", "user": 1, "content_type": 9, "object_id": "27", "object_repr": "Tushar ", "action_flag": 3, "change_message": ""}}, {"model": "admin.logentry", "pk": 94, "fields": {"action_time": "2021-06-19T08:19:52.938Z", "user": 1, "content_type": 9, "object_id": "26", "object_repr": "satya", "action_flag": 3, "change_message": ""}}, {"model": "auth.permission", "pk": 1, "fields": {"name": "Can add log entry", "content_type": 1, "codename": "add_logentry"}}, {"model": "auth.permission", "pk": 2, "fields": {"name": "Can change log entry", "content_type": 1, "codename": "change_logentry"}}, {"model": "auth.permission", "pk": 3, "fields": {"name": "Can delete log entry", "content_type": 1, "codename": "delete_logentry"}}, {"model": "auth.permission", "pk": 4, "fields": {"name": "Can view log entry", "content_type": 1, "codename": "view_logentry"}}, {"model": "auth.permission", "pk": 5, "fields": {"name": "Can add permission", "content_type": 2, "codename": "add_permission"}}, {"model": "auth.permission", "pk": 6, "fields": {"name": "Can change permission", "content_type": 2, "codename": "change_permission"}}, {"model": "auth.permission", "pk": 7, "fields": {"name": "Can delete permission", "content_type": 2, "codename": "delete_permission"}}, {"model": "auth.permission", "pk": 8, "fields": {"name": "Can view permission", "content_type": 2, "codename": "view_permission"}}, {"model": "auth.permission", "pk": 9, "fields": {"name": "Can add group", "content_type": 3, "codename": "add_group"}}, {"model": "auth.permission", "pk": 10, "fields": {"name": "Can change group", "content_type": 3, "codename": "change_group"}}, {"model": "auth.permission", "pk": 11, "fields": {"name": "Can delete group", "content_type": 3, "codename": "delete_group"}}, {"model": "auth.permission", "pk": 12, "fields": {"name": "Can view group", "content_type": 3, "codename": "view_group"}}, {"model": "auth.permission", "pk": 13, "fields": {"name": "Can add user", "content_type": 4, "codename": "add_user"}}, {"model": "auth.permission", "pk": 14, "fields": {"name": "Can change user", "content_type": 4, "codename": "change_user"}}, {"model": "auth.permission", "pk": 15, "fields": {"name": "Can delete user", "content_type": 4, "codename": "delete_user"}}, {"model": "auth.permission", "pk": 16, "fields": {"name": "Can view user", "content_type": 4, "codename": "view_user"}}, {"model": "auth.permission", "pk": 17, "fields": {"name": "Can add content type", "content_type": 5, "codename": "add_contenttype"}}, {"model": "auth.permission", "pk": 18, "fields": {"name": "Can change content type", "content_type": 5, "codename": "change_contenttype"}}, {"model": "auth.permission", "pk": 19, "fields": {"name": "Can delete content type", "content_type": 5, "codename": "delete_contenttype"}}, {"model": "auth.permission", "pk": 20, "fields": {"name": "Can view content type", "content_type": 5, "codename": "view_contenttype"}}, {"model": "auth.permission", "pk": 21, "fields": {"name": "Can add session", "content_type": 6, "codename": "add_session"}}, {"model": "auth.permission", "pk": 22, "fields": {"name": "Can change session", "content_type": 6, "codename": "change_session"}}, {"model": "auth.permission", "pk": 23, "fields": {"name": "Can delete session", "content_type": 6, "codename": "delete_session"}}, {"model": "auth.permission", "pk": 24, "fields": {"name": "Can view session", "content_type": 6, "codename": "view_session"}}, {"model": "auth.permission", "pk": 25, "fields": {"name": "Can add product", "content_type": 7, "codename": "add_product"}}, {"model": "auth.permission", "pk": 26, "fields": {"name": "Can change product", "content_type": 7, "codename": "change_product"}}, {"model": "auth.permission", "pk": 27, "fields": {"name": "Can delete product", "content_type": 7, "codename": "delete_product"}}, {"model": "auth.permission", "pk": 28, "fields": {"name": "Can view product", "content_type": 7, "codename": "view_product"}}, {"model": "auth.permission", "pk": 29, "fields": {"name": "Can add category", "content_type": 8, "codename": "add_category"}}, {"model": "auth.permission", "pk": 30, "fields": {"name": "Can change category", "content_type": 8, "codename": "change_category"}}, {"model": "auth.permission", "pk": 31, "fields": {"name": "Can delete category", "content_type": 8, "codename": "delete_category"}}, {"model": "auth.permission", "pk": 32, "fields": {"name": "Can view category", "content_type": 8, "codename": "view_category"}}, {"model": "auth.permission", "pk": 33, "fields": {"name": "Can add customer", "content_type": 9, "codename": "add_customer"}}, {"model": "auth.permission", "pk": 34, "fields": {"name": "Can change customer", "content_type": 9, "codename": "change_customer"}}, {"model": "auth.permission", "pk": 35, "fields": {"name": "Can delete customer", "content_type": 9, "codename": "delete_customer"}}, {"model": "auth.permission", "pk": 36, "fields": {"name": "Can view customer", "content_type": 9, "codename": "view_customer"}}, {"model": "auth.permission", "pk": 37, "fields": {"name": "Can add order", "content_type": 10, "codename": "add_order"}}, {"model": "auth.permission", "pk": 38, "fields": {"name": "Can change order", "content_type": 10, "codename": "change_order"}}, {"model": "auth.permission", "pk": 39, "fields": {"name": "Can delete order", "content_type": 10, "codename": "delete_order"}}, {"model": "auth.permission", "pk": 40, "fields": {"name": "Can view order", "content_type": 10, "codename": "view_order"}}, {"model": "auth.user", "pk": 1, "fields": {"password": "pbkdf2_sha256$216000$zoOVAwpKv4VO$2/4dcS7Xgbw/qee2wvi1QLxuDLf5R1+YjL+wf+SoyVs=", "last_login": "2021-06-20T01:06:22.014Z", "is_superuser": true, "username": "eshop", "first_name": "", "last_name": "", "email": "jilu@gmail.com", "is_staff": true, "is_active": true, "date_joined": "2021-01-25T11:13:04.000Z", "groups": [], "user_permissions": []}}, {"model": "auth.user", "pk": 2, "fields": {"password": "pbkdf2_sha256$260000$WjDsZeC1OSNCOZLdngPKOi$O2FDO/y2mu22bcyQ/NPd2cyGI0Y9p1EqDYeN3Z7zKfI=", "last_login": "2021-10-16T14:46:24.692Z", "is_superuser": true, "username": "admin", "first_name": "", "last_name": "", "email": "a@gmail.com", "is_staff": true, "is_active": true, "date_joined": "2021-10-16T14:46:04.625Z", "groups": [], "user_permissions": []}}, {"model": "contenttypes.contenttype", "pk": 1, "fields": {"app_label": "admin", "model": "logentry"}}, {"model": "contenttypes.contenttype", "pk": 2, "fields": {"app_label": "auth", "model": "permission"}}, {"model": "contenttypes.contenttype", "pk": 3, "fields": {"app_label": "auth", "model": "group"}}, {"model": "contenttypes.contenttype", "pk": 4, "fields": {"app_label": "auth", "model": "user"}}, {"model": "contenttypes.contenttype", "pk": 5, "fields": {"app_label": "contenttypes", "model": "contenttype"}}, {"model": "contenttypes.contenttype", "pk": 6, "fields": {"app_label": "sessions", "model": "session"}}, {"model": "contenttypes.contenttype", "pk": 7, "fields": {"app_label": "store", "model": "product"}}, {"model": "contenttypes.contenttype", "pk": 8, "fields": {"app_label": "store", "model": "category"}}, {"model": "contenttypes.contenttype", "pk": 9, "fields": {"app_label": "store", "model": "customer"}}, {"model": "contenttypes.contenttype", "pk": 10, "fields": {"app_label": "store", "model": "order"}}, {"model": "sessions.session", "pk": "10yr7lkb9mnvh62ustj9ithdkjhsbl98", "fields": {"session_data": ".eJxVjMsOgyAQRf9l1oYIKlCW3fcbDMwM1T4kAVwZ_701cePqJvecnA1wLTV9OYNTbQPocwW3QQdONiDVf_YGRr_WaVwL53EmcCDh8gWPb14OQC-_PJPAtNQ8B3Eo4qRFPBLx5366l8Dky3RkPUnbS1SxHcgMHdoOI1HoFbZGRZaalIooe76pQTMiazTGBxOD1YYt7D9koEJ_:1lJdea:3ToqcAElTyZHSJ-kI-PE2M87ulp0wExhcvXAQfA3ZDs", "expire_date": "2021-03-23T14:48:08.577Z"}}, {"model": "sessions.session", "pk": "1eyfhgpt4p0se7fx3ady1kdadgt5u5va", "fields": {"session_data": ".eJxVjMsOwiAQAP-FsyGF8tKjd7-BLLuLVA0kpT0Z_92Q9KDXmcm8RYR9K3HvvMaFxEUocfplCfDJdQh6QL03ia1u65LkSORhu7w14tf1aP8GBXoZWyAVjEKdJ0vezhhmzETJaJy8zqwcaZ1RGT5r6xiRHXoPyecUnOcgPl_yBTiV:1l9RHf:tg3W9lRcUeElFmR8S5fB0rAA2PXGE5I9-0QdAvMsjrM", "expire_date": "2021-02-23T11:34:19.969Z"}}, {"model": "sessions.session", "pk": "23ra9wx58lzj7a7hnh6tb25wtzo9no6n", "fields": {"session_data": ".eJxVjMsOwiAQAP-FsyGF8tKjd7-BLLuLVA0kpT0Z_92Q9KDXmcm8RYR9K3HvvMaFxEUocfplCfDJdQh6QL03ia1u65LkSORhu7w14tf1aP8GBXoZWyAVjEKdJ0vezhhmzETJaJy8zqwcaZ1RGT5r6xiRHXoPyecUnOcgPl_yBTiV:1l6q3W:xHAftChqQDvy90m67yP8MrIwLZ6aUSpCxfdOU7THT_U", "expire_date": "2021-02-16T07:24:58.880Z"}}, {"model": "sessions.session", "pk": "24hct0guncwfj3ahq5nh36is7wdfttd7", "fields": {"session_data": "eyJjYXJ0Ijp7fSwiY3VzdG9tZXIiOjIzfQ:1mXh87:bX3kTaWHWyYUw6HmHrFAhUM01EGP4KBY8EcVvoKBCF4", "expire_date": "2021-10-19T09:52:59.787Z"}}, {"model": "sessions.session", "pk": "2rpds0uhajkzoes3pc7q2b178mwd4cah", "fields": {"session_data": "eyJjYXJ0Ijp7fX0:1mbkud:aqJ1i2rgUKFwznWueRSMJlwoBYqap2AnE2TSI29jiQI", "expire_date": "2021-10-30T14:43:51.152Z"}}, {"model": "sessions.session", "pk": "396gpiu2aqyngtie8llf14faungzf8oz", "fields": {"session_data": ".eJxVjMsOwiAQAP-FsyGF8tKjd7-BLLuLVA0kpT0Z_92Q9KDXmcm8RYR9K3HvvMaFxEUocfplCfDJdQh6QL03ia1u65LkSORhu7w14tf1aP8GBXoZWyAVjEKdJ0vezhhmzETJaJy8zqwcaZ1RGT5r6xiRHXoPyecUnOcgPl_yBTiV:1l8QO3:NtuYcDPRqTnqpbHY_HhRu6h963JUlXPF05yqa6LGyYU", "expire_date": "2021-02-20T16:24:43.968Z"}}, {"model": "sessions.session", "pk": "3zhoir8uwxfe79kkl3138en2rqwhpp80", "fields": {"session_data": ".eJxVjEEOgyAQAP-y54YIKlCPvfsGs-wuxbbBRPRk_HtD4sXrzGQOIFw3GI7zARPuW5r2Ius0Mwyg4cYC0ldyFfzB_F4ULXlb56Bqoi5b1Liw_F5XexskLKlukbXvNJnY9Oz6lnxLkTl0hhpnomjLxkTSnTxNb4VILDmHwcXgrRMP5x85WDvh:1lKGhU:xOcOFZ1ELM5DWqr0Bb1MqzBS5wSn2PPCa37t9c0ChOQ", "expire_date": "2021-03-25T08:29:44.479Z"}}, {"model": "sessions.session", "pk": "424h9ahpnla6rryqppodjx3mru4dmnvv", "fields": {"session_data": "e30:1ltgkR:mG8MRan0bXmau0c_gidO3cOaINvt4zuzqmYIt3FUTo8", "expire_date": "2021-07-01T01:23:11.981Z"}}, {"model": "sessions.session", "pk": "533tbnkhdg1nkr3n7oanqhs5q0i01x0k", "fields": {"session_data": "eyJjYXJ0Ijp7fSwiY3VzdG9tZXIiOjIzfQ:1lQtpA:UoSnusIlNzuLBmZ-n1oqrpTsAJbWuSkI6y9YJpbzm0I", "expire_date": "2021-04-12T15:29:04.253Z"}}, {"model": "sessions.session", "pk": "5zedltgrvnffx1yfv4u4yxu2m3atqiyt", "fields": {"session_data": ".eJxVjMsOgyAQAP9lzw0RVKAee-83mGV3qX1JAngy_ntr4sXrzGRWIMwVhnW7wIhLncalSB6fDANoOLGA9JZ5F_zC-ZEUpbnmZ1B7og5b1D2xfG5HexpMWKZ9i6x9p8nEpmfXt-RbisyhM9Q4E0VbNiaS7uRqeitEYsk5DC4Gb534_5SWUtNXMgym3X6gtUBi:1lulvJ:m_RMnTsaeacVepxcBjvRYOux8-6qdlTnfQ8TS0_lTFc", "expire_date": "2021-07-04T01:06:53.767Z"}}, {"model": "sessions.session", "pk": "7om50xa3keg9it8ve8aox7i5dgdatoyu", "fields": {"session_data": "eyJjYXJ0Ijp7IjQiOjF9fQ:1llP9b:Xnx390kT-YSLrpqIRfRyQ9jOsAef17RHn8LhZgnbYQ4", "expire_date": "2021-06-08T04:58:55.984Z"}}, {"model": "sessions.session", "pk": "7t8chym4t2h5ojlaoroa1199o9mfwxd4", "fields": {"session_data": "eyJjYXJ0Ijp7fX0:1loq5u:MU0TsulkhUBdBvQufOlZMfNg5GuHVI6aSmQyuyV7HO4", "expire_date": "2021-06-17T16:21:18.149Z"}}, {"model": "sessions.session", "pk": "7xig926iux5obt4qmymezs4oldelsoa0", "fields": {"session_data": "eyJjYXJ0Ijp7fX0:1mbkud:aqJ1i2rgUKFwznWueRSMJlwoBYqap2AnE2TSI29jiQI", "expire_date": "2021-10-30T14:43:51.142Z"}}, {"model": "sessions.session", "pk": "8npu4w4wzj9otqnma587ybbrzezi63zk", "fields": {"session_data": ".eJxVjMsOwiAQAP-FsyGF8tKjd7-BLLuLVA0kpT0Z_92Q9KDXmcm8RYR9K3HvvMaFxEUocfplCfDJdQh6QL03ia1u65LkSORhu7w14tf1aP8GBXoZWyAVjEKdJ0vezhhmzETJaJy8zqwcaZ1RGT5r6xiRHXoPyecUnOcgPl_yBTiV:1l3zr2:B5zUXkw1mjQjOsqrPw_9taaAlDRdh1OFv9sJF1YEbUE", "expire_date": "2021-02-08T11:16:20.841Z"}}, {"model": "sessions.session", "pk": "9iwcgbw2olry8pm9cwsqam4rwaw3los6", "fields": {"session_data": "eyJjYXJ0Ijp7fX0:1mbkud:aqJ1i2rgUKFwznWueRSMJlwoBYqap2AnE2TSI29jiQI", "expire_date": "2021-10-30T14:43:51.149Z"}}, {"model": "sessions.session", "pk": "a982mlp1agtbvumunewveeqyt9elcsma", "fields": {"session_data": "eyJjYXJ0Ijp7fX0:1mbkud:aqJ1i2rgUKFwznWueRSMJlwoBYqap2AnE2TSI29jiQI", "expire_date": "2021-10-30T14:43:51.135Z"}}, {"model": "sessions.session", "pk": "aj8cot463rifs6pjpk9yjvtnnhxbibt9", "fields": {"session_data": ".eJxVjkEOgyAQRe_CuiGCCJRl956BDDNDsW00UVwZ715NXLTb_15e_iYirLXEdeE5DiSCUOL2uyXAN48noBeMz0niNNZ5SPJU5EUX2U_En8fl_gUKLOXMAilvFOrcdOS6Fn2LmSgZjY3TmZUlrTMqw3fdWUZki85Bcjl569gfUYS5irAdD4Pa9y9hezzB:1lDTUZ:3ph2DWcFCquc9s8vSMSnNC2I5AvXtHdIcJifefTbAhk", "expire_date": "2021-03-06T14:44:19.431Z"}}, {"model": "sessions.session", "pk": "alw7370erl33bqp9ibro6n1djhu2qm03", "fields": {"session_data": ".eJyrVkpOLCpRsqpWMleyMtRRMjICU4YQ0hhCmUCkTCGUAZiCcAyBHKNaHaXk0uKS_NzUIiDPoBYACwITEw:1lITsy:harpnEezR3jXjcR6HPXlnArR1yFq_rmkcBcNGdafF0E", "expire_date": "2021-03-20T10:10:12.558Z"}}, {"model": "sessions.session", "pk": "aqyc6yo0h45gy8rwbfv47s8m6gw4zp6z", "fields": {"session_data": "eyJjYXJ0Ijp7fSwiY3VzdG9tZXIiOjIzfQ:1lmBTh:ZnfpCuVsTLGO7xuambkfjO6KOdKEyX7dheb02mMoYqg", "expire_date": "2021-06-10T08:34:53.876Z"}}, {"model": "sessions.session", "pk": "cv4a40ye9q1e1w1fene30bg10pj8d07m", "fields": {"session_data": "eyJjYXJ0Ijp7Im51bGwiOjF9fQ:1lDiDA:qTLg4P49_v_AUKcugytgzpVyfr1upS35Isp76t-_gj4", "expire_date": "2021-03-07T06:27:20.941Z"}}, {"model": "sessions.session", "pk": "dzgw71epf7092yiryv6fmy1w3gh59vyg", "fields": {"session_data": ".eJxVjMsOgyAQAP9lzw0RVKAee-83mGV3qX1JAngy_ntr4sXrzGRWIMwVhnW7wIhLncalSB6fDANoOLGA9JZ5F_zC-ZEUpbnmZ1B7og5b1D2xfG5HexpMWKZ9i6x9p8nEpmfXt-RbisyhM9Q4E0VbNiaS7uRqeitEYsk5DC4Gb534_5SWUtNXMgym3X6gtUBi:1lOzaa:IsABoFguduxY5uz8Hs-4Yl6lFpXRf33Z43d_Y3ua_VU", "expire_date": "2021-04-07T09:14:08.833Z"}}, {"model": "sessions.session", "pk": "e7au6flgdb3e4y39et4njzl1mf0dnumr", "fields": {"session_data": "eyJjYXJ0Ijp7fSwiY3VzdG9tZXIiOjIzfQ:1ln2eI:C57xwuJRcIT56Lv0_WlgBG4sf8Liy7B5qYz3PcsvZVY", "expire_date": "2021-06-12T17:21:22.906Z"}}, {"model": "sessions.session", "pk": "egzgfi8afpzw07ack793g77yr4y0iz8h", "fields": {"session_data": "eyJjYXJ0Ijp7IjMiOjEsIjYiOjF9fQ:1llPNC:lwL-V7pKaDZu9AC7C2mi1YRqVnGxUG0m4YIli8SVP-g", "expire_date": "2021-06-08T05:12:58.931Z"}}, {"model": "sessions.session", "pk": "epswfjvsaf1uec8255mgakzj9qw4px1d", "fields": {"session_data": ".eJxVjEsOgzAMRO_iNYqwgSRl2X3PgBLbKbQVSHxWiLsXBBtWI703MytwGGeoV0CoMQOCmjJAPCM_2amKnW0ZNGGZ22aZdGw6gXrf3VgM_NX-EPIJ_XswPPTz2EVzVMxlJ_MaRH_Pq3s7aMPUHrdB0JfIlPJKXFWwLziJxJI4d5QUrRAlxlIfVFllVsvOhehS9Naph-0Ps2JClg:1lIam2:DgEbyoFHwKtNkL7FXUTayK8BPSy7FjLpDFESxuaKXQQ", "expire_date": "2021-03-20T17:31:30.102Z"}}, {"model": "sessions.session", "pk": "fdi6rby0b2rz105jljb6ve2jqzwa23rt", "fields": {"session_data": "eyJjYXJ0Ijp7IjEiOjF9LCJjdXN0b21lciI6MjN9:1llrOp:NXmpSPSVTLSF-77xWEd6Xda1Frezc4WdA70_V0PJhUY", "expire_date": "2021-06-09T11:08:31.717Z"}}, {"model": "sessions.session", "pk": "fqshh1qut3vtqkwb8qrj2bshttiftgwb", "fields": {"session_data": ".eJxVjMsOwiAQAP-FsyGF8tKjd7-BLLuLVA0kpT0Z_92Q9KDXmcm8RYR9K3HvvMaFxEUocfplCfDJdQh6QL03ia1u65LkSORhu7w14tf1aP8GBXoZWyAVjEKdJ0vezhhmzETJaJy8zqwcaZ1RGT5r6xiRHXoPyecUnOcgPl_yBTiV:1l6G71:PCPMrZwz_4Ox2Sh2_AfdGxu29CGBtQ7A6S-kL6K3DHk", "expire_date": "2021-02-14T17:02:11.829Z"}}, {"model": "sessions.session", "pk": "h0n154sj86nht463s1msdqh7off9pred", "fields": {"session_data": "eyJjYXJ0Ijp7IjQiOjF9fQ:1llDgE:TBcPsQcYL-vlUtYD9TCXI4y3OgN5RSJxX8U7Dtv6_B8", "expire_date": "2021-06-07T16:43:50.973Z"}}, {"model": "sessions.session", "pk": "igcccsdrtibn1ciqmtguapba8ha9g56l", "fields": {"session_data": ".eJxVjEsOhCAQBe_Sa0MEFRiXs_cMBrqb0flIArgy3n00cePyvarUBuhSgX4DCb3aK8A1l_jjdKymgtGtZRrXzGmcCfpDun3e4YeXE9DbLa8oMC4lzV6cirhoFkMk_j4v9xaYXJ7OrCNpW4kq1B2ZrkHbYCDyrcLaqMBSk1IBZcsP1WlGZI3GOG-Ct9qwhf0PRw1BQw:1luRMl:YS2aOcrYniJeAWWIDnU_WtN52O_ex8Hm4U4Qk9vy0ac", "expire_date": "2021-07-03T03:09:51.336Z"}}, {"model": "sessions.session", "pk": "j0efm2t33pym7q5tfgsos6qfswqg0g47", "fields": {"session_data": "eyJjYXJ0Ijp7fX0:1lR7Ip:s2KQIN3STSGiC7n83qtSKktdinYhT4J0lrzyLzIQ_38", "expire_date": "2021-04-13T05:52:35.601Z"}}, {"model": "sessions.session", "pk": "lo0bdvldwathswv7snxwe27wy06olhi0", "fields": {"session_data": ".eJxVjMsOwiAQAP-FsyGF8tKjd7-BLLuLVA0kpT0Z_92Q9KDXmcm8RYR9K3HvvMaFxEUocfplCfDJdQh6QL03ia1u65LkSORhu7w14tf1aP8GBXoZWyAVjEKdJ0vezhhmzETJaJy8zqwcaZ1RGT5r6xiRHXoPyecUnOcgPl_yBTiV:1lOyqs:nDN8roTgYOR3wpceh2OCKbldSLPzBHb8PP-RQbK_1P4", "expire_date": "2021-04-07T08:26:54.685Z"}}, {"model": "sessions.session", "pk": "lvjv1w63w1fqawtr69tb7x2pt8ft84vx", "fields": {"session_data": "eyJjYXJ0Ijp7fSwiY3VzdG9tZXIiOjIyfQ:1lOiDA:i5ZGrjlfQ1UQNLKmSBAmojIZUXK6Ii-qIUwMj9bmv5U", "expire_date": "2021-04-06T14:40:48.650Z"}}, {"model": "sessions.session", "pk": "nxwj124s4w2gh8beevlyypvw10ls06q6", "fields": {"session_data": "e30:1m0EPk:TG044KJGBaH7bY_uzZsfGyEtkAK_NjTW9hDa8Zibkh4", "expire_date": "2021-07-19T02:32:52.318Z"}}, {"model": "sessions.session", "pk": "o3e5acrx5hmkrn7obz0l02pom6e8us5q", "fields": {"session_data": ".eJxVjLsOhCAQAP9la0NkVeAsr79vMLC7nPeSBLAy_vvFxMZ2ZjIbkM8Vxm1vgNZS008yjNg1MPm1ztNaJE8vhhE0XFjw9JHlEPz2yzMpSkvNr6CORJ22qEdi-d7P9jKYfZmPrWftek0Y24Ht0JHrKDKHHqm1GEUbRoyke7nhYIRIDFnrg43BGSsO9j-Rb0Bi:1lQEK8:n_TWW3xY3Hxwm2xKSxEifRoGHWNmeNgsUb1lilAMmaY", "expire_date": "2021-04-10T19:10:16.861Z"}}, {"model": "sessions.session", "pk": "p5udlzrn1gl3mua7gobuq5hkkkv1gm1a", "fields": {"session_data": "eyJjYXJ0Ijp7IjEiOjR9LCJjdXN0b21lciI6MjN9:1mqIE7:ku_0W939j7gu9PdJ1PKDxlXG9aPKDpHTtnHAWSdpWUk", "expire_date": "2021-12-09T17:08:03.293Z"}}, {"model": "sessions.session", "pk": "pgc1ey52694gwghv7danslhzuijefxf7", "fields": {"session_data": ".eJxVjLsOhCAQAP9la0NkVeAsr79vMLC7nPeSBLAy_vvFxMZ2ZjIbkM8Vxm1vgNZS008yjNg1MPm1ztNaJE8vhhE0XFjw9JHlEPz2yzMpSkvNr6CORJ22qEdi-d7P9jKYfZmPrWftek0Y24Ht0JHrKDKHHqm1GEUbRoyke7nhYIRIDFnrg43BGSsO9j-Rb0Bi:1luW9A:OByW80aagcdm7EdBjJ1Iu06a7MuJU8cOKzwgB1gdGRg", "expire_date": "2021-07-03T08:16:08.045Z"}}, {"model": "sessions.session", "pk": "r1b3viz89d2q6wxspynwispet8p9vhl0", "fields": {"session_data": "eyJjYXJ0Ijp7fSwiY3VzdG9tZXIiOjIzfQ:1lppvG:2-yumrUpenVF0Wun9FwBm9WvXtaa3ENKARbO43UwXds", "expire_date": "2021-06-20T10:22:26.097Z"}}, {"model": "sessions.session", "pk": "r8qiiwqhcgznjmut8qsmcx3n785nhx62", "fields": {"session_data": ".eJxVjEEOgyAQAP-y54YIIlCPvfcNZtldiq3BRPFk_Htj4sXrzGR2IFwq9DuUbZqg18cDBtxqHrZVlmFk6EHDjUWkn5RT8BfLZ1Y0l7qMUZ2Juuyq3jPL9Lra2yDjms8tsg5Wk0lNx75rKbSUmKM11HiTRDs2JpG28jSdEyJx5D1Gn2JwXgIcf_0-Pks:1lEsOx:j1wgddQJNhoDMx-BDS1u8UvV4W-4Ub596MgmF_K2_wU", "expire_date": "2021-03-10T11:32:19.065Z"}}, {"model": "sessions.session", "pk": "rjs6wrz1la1tlzhxuuebvdqpbk46s3li", "fields": {"session_data": "eyJjYXJ0Ijp7fSwiY3VzdG9tZXIiOjIzfQ:1lUSHu:qqu_54YTIs83Glca7q-_1vgNmaLuPP6zAkLmFrBhybI", "expire_date": "2021-04-22T10:53:26.666Z"}}, {"model": "sessions.session", "pk": "rruxftw4yqqzzxjbh9a3ly304ya1dt2m", "fields": {"session_data": "eyJjdXN0b21lciI6MjEsImNhcnQiOnt9fQ:1lOlHN:ltvJ8vQc3PsrGukA68S3EG08dBMNKEopryKFL0OPICU", "expire_date": "2021-04-06T17:57:21.589Z"}}, {"model": "sessions.session", "pk": "ruuz8eyhweuo55a2cci7pvun8sxw5zn3", "fields": {"session_data": "eyJjYXJ0Ijp7fX0:1lQZxH:YtAZp4uzTEnRXog_iyrmteaKATrDYyf--25aTrqgClE", "expire_date": "2021-04-11T18:16:07.971Z"}}, {"model": "sessions.session", "pk": "rzwk28eicayw93wx8549w58iikc52xwp", "fields": {"session_data": "eyJjYXJ0Ijp7fSwiY3VzdG9tZXIiOjIzfQ:1m4RSC:ZwbGjyW9cbgxNmCi4W7Rr0oxNx3ps0O20MxeerDHmfU", "expire_date": "2021-07-30T17:16:48.585Z"}}, {"model": "sessions.session", "pk": "ta2o5y1p9tvqraptuouwtnj6vj29ku23", "fields": {"session_data": ".eJxVjDsOhDAMRO_iGkVxEj5Juf2eARk7LOwHpBAqxN0XJBqqkea9mQ2YUoawAVoIWAC6I_YCeF3y_IsJgrEFtLTmoV2XmNpRIICBW9cRf-J0AnnT9JoVz1NOY6dORV10Uc9Z4vdxubeDgZbhWGNVOsHON4iu0Ra5t6wbtsS1N96JeMvRG2tq6kU0EtVcRuvRVN7pXmD_A043QY0:1mbkx6:NDR5WbL1sie7wzk4HjQL8n5cGugGo4N3dxmikKFfhGg", "expire_date": "2021-10-30T14:46:24.710Z"}}, {"model": "sessions.session", "pk": "u4ihvjdmraxj8jdza3990lmgp6vjshl4", "fields": {"session_data": "eyJjYXJ0Ijp7fX0:1ltgdZ:ESJKLwloyBQIvXtbEmZndGbpgNyxJPimwPokcBMqE_4", "expire_date": "2021-07-01T01:16:05.038Z"}}, {"model": "sessions.session", "pk": "uxaoq4a0kwpbygrdqkwm5g5kh14uu6mo", "fields": {"session_data": "eyJjYXJ0Ijp7IjEiOjF9LCJjdXN0b21lciI6MjN9:1m0jKV:zaIR_Tfl-WqpD37MnSwVo9oyjyOaSqHZ1tHw-6kiID4", "expire_date": "2021-07-20T11:33:31.054Z"}}, {"model": "sessions.session", "pk": "w3ewpxd4ez5jennp7z4lyxl0k7u58xzs", "fields": {"session_data": ".eJxVjMsOwiAQAP-FsyGF8tKjd7-BLLuLVA0kpT0Z_92Q9KDXmcm8RYR9K3HvvMaFxEUocfplCfDJdQh6QL03ia1u65LkSORhu7w14tf1aP8GBXoZWyAVjEKdJ0vezhhmzETJaJy8zqwcaZ1RGT5r6xiRHXoPyecUnOcgPl_yBTiV:1l570A:s2tO5MhPGsliD9DUdrSmw9ihOzFaYBxCBgDiVajV0iM", "expire_date": "2021-02-11T13:06:22.504Z"}}, {"model": "sessions.session", "pk": "w3xvssvja028pikvh8cq0m1amw7qnul2", "fields": {"session_data": ".eJxVjMsOgyAQAP9lz4YIVaAee-83mGV3qfYhCeDJ-O-NiRevM5PZgNZS008yDMY2QJgrDNvewIhrnca1SB5nhgE0XFhA-shyCH7j8kqK0lLzHNSRqNMW9Uws38fZXgYTlunYImvfaTKx7dn1N_I3isyhM9Q6E0VbNiaS7uRueitEYsk5DC4Gb5142P-Sc0Bl:1lPitq:QCjvp2ODVnZC248WhFKFLibHnNnBD0l1SOJq1oYXMPI", "expire_date": "2021-04-09T09:37:02.474Z"}}, {"model": "sessions.session", "pk": "w44owvkbhwrrqxof4atx25dhuqs6id22", "fields": {"session_data": "eyJjYXJ0Ijp7Im51bGwiOjF9fQ:1lDgFC:sI8wawaqxfgFGR0LJRkK9dTPlMSzOuJYqIBdNl-C-f4", "expire_date": "2021-03-07T04:21:18.358Z"}}, {"model": "sessions.session", "pk": "wgdt4oq42qglto6zkz2g4i46i3koteot", "fields": {"session_data": "eyJjYXJ0Ijp7IjEiOjN9LCJjdXN0b21lciI6MjN9:1mqIFM:n5sTOvKffT4KFp7iBaI94DKwQw21B9QN3Z5fIKnGpys", "expire_date": "2021-12-09T17:09:20.122Z"}}, {"model": "sessions.session", "pk": "yvxrxadjuqxceqze1db296qdttogbjr6", "fields": {"session_data": ".eJxVjMsOgyAQRf9l1g2RUYGy7L7fYGAYqn1IArgy_ns1cdEu7z0nZ4XBLXUclsJ5mAJYkHD5_byjF88HCE83P5KgNNc8eXEo4qRF3FPg9-10_wKjK-ORdUGaThLGpg-6b8m0FEPwHVKjMbJUATGS7PiKvWIiVqS18zp6ozSbPUpLqenDGSz2-3K5gl0BNVi5bV8ffkF8:1lP0ZG:Xl5ObJvWhAu9IVfnMU60xR5iblTsM5T9fui7jzjpHD0", "expire_date": "2021-04-07T10:16:50.767Z"}}, {"model": "sessions.session", "pk": "zgljszn8x4htyaj5macut44ujlqpt3hx", "fields": {"session_data": ".eJxVjMsOwiAQAP-FsyGF8tKjd7-BLLuLVA0kpT0Z_92Q9KDXmcm8RYR9K3HvvMaFxEUocfplCfDJdQh6QL03ia1u65LkSORhu7w14tf1aP8GBXoZWyAVjEKdJ0vezhhmzETJaJy8zqwcaZ1RGT5r6xiRHXoPyecUnOcgPl_yBTiV:1lCvi9:YBzvwxVsFG95T_SQ5_FvrDQyqOIIGigXgZj7963r5X0", "expire_date": "2021-03-05T02:40:05.564Z"}}, {"model": "sessions.session", "pk": "zputulc0y63wil6e5tlwh1q9mhha02e4", "fields": {"session_data": ".eJxVjMsOwiAQAP-FsyGF8tKjd7-BLLuLVA0kpT0Z_92Q9KDXmcm8RYR9K3HvvMaFxEUocfplCfDJdQh6QL03ia1u65LkSORhu7w14tf1aP8GBXoZWyAVjEKdJ0vezhhmzETJaJy8zqwcaZ1RGT5r6xiRHXoPyecUnOcgPl_yBTiV:1l8yNj:ks3J1gyAehfCIRU8T_rmMerAj-tT6byf74gDeGQg4Ck", "expire_date": "2021-02-22T04:42:39.100Z"}}, {"model": "store.category", "pk": 1, "fields": {"name": "Cloths-men"}}, {"model": "store.category", "pk": 3, "fields": {"name": "Cloth-women"}}, {"model": "store.category", "pk": 4, "fields": {"name": "Vegetable"}}, {"model": "store.category", "pk": 5, "fields": {"name": "Mobile"}}, {"model": "store.product", "pk": 1, "fields": {"name": "shirt black", "price": 250, "category": 1, "description": "its a good shirt", "image": "products/shirt1.webp"}}, {"model": "store.product", "pk": 2, "fields": {"name": "shirt", "price": 250, "category": 1, "description": "description", "image": "products/shirt2.webp"}}, {"model": "store.product", "pk": 3, "fields": {"name": "blue", "price": 300, "category": 1, "description": "des", "image": "products/blue.jpg"}}, {"model": "store.product", "pk": 4, "fields": {"name": "brown", "price": 300, "category": 1, "description": "description", "image": "products/Brown.jpg"}}, {"model": "store.product", "pk": 5, "fields": {"name": "top", "price": 300, "category": 3, "description": "description", "image": "products/top.jpg"}}, {"model": "store.product", "pk": 6, "fields": {"name": "sweaters", "price": 600, "category": 3, "description": "description", "image": "products/sweaters.jpg"}}, {"model": "store.product", "pk": 7, "fields": {"name": "green", "price": 550, "category": 1, "description": "description", "image": "products/Green_T_shirt.jpg"}}, {"model": "store.product", "pk": 8, "fields": {"name": "blue T", "price": 350, "category": 1, "description": "description", "image": "products/blue_Tshirt.jpg"}}, {"model": "store.product", "pk": 9, "fields": {"name": "pant", "price": 1200, "category": 1, "description": "description", "image": "products/pant.jpg"}}, {"model": "store.product", "pk": 10, "fields": {"name": "pajamas", "price": 500, "category": 3, "description": "description", "image": "products/pajamas.jpg"}}, {"model": "store.product", "pk": 11, "fields": {"name": "wom top", "price": 300, "category": 3, "description": "description", "image": "products/women_top.jpg"}}, {"model": "store.product", "pk": 12, "fields": {"name": "leg", "price": 600, "category": 3, "description": "description", "image": "products/leg.jpg"}}, {"model": "store.product", "pk": 13, "fields": {"name": "potatos", "price": 20, "category": 4, "description": "description", "image": "products/patatos.jpeg"}}, {"model": "store.product", "pk": 14, "fields": {"name": "onions", "price": 30, "category": 4, "description": "description", "image": "products/onion.jpeg"}}, {"model": "store.product", "pk": 15, "fields": {"name": "brinjal", "price": 35, "category": 4, "description": "description", "image": "products/brinjal.jpeg"}}, {"model": "store.product", "pk": 16, "fields": {"name": "black tomatos", "price": 60, "category": 4, "description": "description", "image": "products/black_tomatos.jpeg"}}, {"model": "store.product", "pk": 17, "fields": {"name": "broccoli", "price": 80, "category": 4, "description": "description", "image": "products/broccoli.jpeg"}}, {"model": "store.product", "pk": 18, "fields": {"name": "capsium", "price": 65, "category": 4, "description": "description", "image": "products/capsicum.jpeg"}}, {"model": "store.product", "pk": 19, "fields": {"name": "chilli", "price": 30, "category": 4, "description": "description", "image": "products/chilli.jpeg"}}, {"model": "store.product", "pk": 20, "fields": {"name": "cucumber", "price": 30, "category": 4, "description": "description", "image": "products/cucumber.jpeg"}}, {"model": "store.product", "pk": 21, "fields": {"name": "konka", "price": 80, "category": 4, "description": "description", "image": "products/konka.jpeg"}}, {"model": "store.product", "pk": 22, "fields": {"name": "onions", "price": 40, "category": 4, "description": "description", "image": "products/onion_wcfgEag.jpeg"}}, {"model": "store.product", "pk": 23, "fields": {"name": "tomatos", "price": 60, "category": 4, "description": "description", "image": "products/tomatos.jpeg"}}, {"model": "store.product", "pk": 24, "fields": {"name": "iphone XR", "price": 60000, "category": 5, "description": "Blast past fast.", "image": "products/iphon_XR.jpeg"}}, {"model": "store.product", "pk": 25, "fields": {"name": "iphone 11 pro", "price": 120000, "category": 5, "description": "Blast past fast.", "image": "products/iphone_11_pro.jpeg"}}, {"model": "store.product", "pk": 26, "fields": {"name": "iphone 11", "price": 70000, "category": 5, "description": "Blast past fast.", "image": "products/iphone_11.jpeg"}}, {"model": "store.product", "pk": 27, "fields": {"name": "iphone 12 mini", "price": 70000, "category": 5, "description": "Blast past fast.", "image": "products/iphone_12_mini.jpeg"}}, {"model": "store.product", "pk": 28, "fields": {"name": "iphone 12 pro max", "price": 120000, "category": 5, "description": "Blast past fast.", "image": "products/iphone_12_pro_max.jpeg"}}, {"model": "store.customer", "pk": 23, "fields": {"first_name": "Ashutosh", "last_name": "pradhan", "phone": "+917437965564", "email": "jilu7684@gmail.com", "password": "pbkdf2_sha256$216000$iYFMC8qovULH$XCjG/XtmmkST+YnkDP85QazEQoroijtzkPkIwosjgBI="}}, {"model": "store.customer", "pk": 24, "fields": {"first_name": "jilu", "last_name": "pradhan", "phone": "+917437965564", "email": "j@gmail.com", "password": "pbkdf2_sha256$216000$dqVOTCr8nEKR$fvCMuzFFmfdXiq81X5Aud75LehtrxT0fUrn0owEqkus="}}, {"model": "store.customer", "pk": 25, "fields": {"first_name": "silu", "last_name": "pradhan", "phone": "+917437965564", "email": "s@gmail.com", "password": "pbkdf2_sha256$216000$zWCSLhGtQk7N$5ZBn//fDmE7oOCSRghyXRwO6eDf4URex5kU4t8w7s2s="}}, {"model": "store.order", "pk": 37, "fields": {"product": 1, "customer": 23, "quantity": 1, "price": 250, "address": "At/po-kumundi, ps-jagannathprasad", "phone": "51241244515", "country": null, "city": null, "state": null, "dist": null, "zipcode": null, "date": "2021-03-27T19:07:36.904Z", "status": false}}, {"model": "store.order", "pk": 38, "fields": {"product": 2, "customer": 23, "quantity": 5, "price": 250, "address": "At/po-kumundi, ps-jagannathprasad", "phone": "51241244515", "country": null, "city": null, "state": null, "dist": null, "zipcode": null, "date": "2021-03-27T19:08:03.310Z", "status": false}}, {"model": "store.order", "pk": 39, "fields": {"product": 1, "customer": 25, "quantity": 1, "price": 250, "address": "At/po-kumundi, ps-jagannathprasad", "phone": null, "country": "India", "city": "Kumundi", "state": "Odisha", "dist": "ganjam", "zipcode": "761121", "date": "2021-03-29T16:48:11.165Z", "status": false}}, {"model": "store.order", "pk": 40, "fields": {"product": 1, "customer": 25, "quantity": 1, "price": 250, "address": "At/po-kumundi, ps-jagannathprasad", "phone": "+917437965564", "country": "India", "city": "Kumundi", "state": "Odisha", "dist": "ganjam", "zipcode": "761121", "date": "2021-03-29T16:52:40.267Z", "status": false}}, {"model": "store.order", "pk": 41, "fields": {"product": 2, "customer": 25, "quantity": 1, "price": 250, "address": "At/po-kumundi, ps-jagannathprasad", "phone": "+917437965564", "country": "India", "city": "Kumundi", "state": "Odisha", "dist": "ganjam", "zipcode": "761121", "date": "2021-03-29T16:52:40.401Z", "status": false}}, {"model": "store.order", "pk": 42, "fields": {"product": 3, "customer": 25, "quantity": 1, "price": 300, "address": "At/po-kumundi, ps-jagannathprasad", "phone": "917437965564", "country": "India", "city": "Kumundi", "state": "Odisha", "dist": "ganjam", "zipcode": "761121", "date": "2021-03-29T16:52:40.518Z", "status": true}}, {"model": "store.order", "pk": 43, "fields": {"product": 1, "customer": 23, "quantity": 1, "price": 250, "address": "At/po-kumundi, ps-jagannathprasad", "phone": "+917437965564", "country": "India", "city": "Kumundi", "state": "Odisha", "dist": "ganjam", "zipcode": "761121", "date": "2021-04-08T10:48:57.032Z", "status": false}}, {"model": "store.order", "pk": 44, "fields": {"product": 1, "customer": 23, "quantity": 1, "price": 250, "address": "At/po-kumundi, ps-jagannathprasad", "phone": "+917437965564", "country": "India", "city": "Kumundi", "state": "Odisha", "dist": "ganjam", "zipcode": "761121", "date": "2021-04-08T10:53:19.894Z", "status": false}}, {"model": "store.order", "pk": 45, "fields": {"product": 1, "customer": 23, "quantity": 1, "price": 250, "address": "", "phone": "", "country": "", "city": "", "state": "", "dist": "", "zipcode": "", "date": "2021-05-27T08:34:53.725Z", "status": false}}, {"model": "store.order", "pk": 46, "fields": {"product": 2, "customer": 23, "quantity": 1, "price": 250, "address": "", "phone": "", "country": "", "city": "", "state": "", "dist": "", "zipcode": "", "date": "2021-05-27T08:34:53.829Z", "status": false}}, {"model": "store.order", "pk": 47, "fields": {"product": 1, "customer": 23, "quantity": 3, "price": 250, "address": "At/po-kumundi, ps-jagannathprasad", "phone": "+917437965564", "country": "India", "city": "Kumundi", "state": "Odisha", "dist": "ganjam", "zipcode": "761121", "date": "2021-06-17T01:17:49.947Z", "status": false}}, {"model": "store.order", "pk": 48, "fields": {"product": 2, "customer": 23, "quantity": 3, "price": 250, "address": "At/po-kumundi, ps-jagannathprasad", "phone": "+917437965564", "country": "India", "city": "Kumundi", "state": "Odisha", "dist": "ganjam", "zipcode": "761121", "date": "2021-06-17T01:17:50.049Z", "status": false}}, {"model": "store.order", "pk": 49, "fields": {"product": 1, "customer": 23, "quantity": 2, "price": 250, "address": "At/po-kumundi, ps-jagannathprasad", "phone": "+917437965564", "country": "India", "city": "Kumundi", "state": "Odisha", "dist": "ganjam", "zipcode": "761121", "date": "2021-06-19T08:15:11.415Z", "status": false}}, {"model": "store.order", "pk": 51, "fields": {"product": 1, "customer": 23, "quantity": 1, "price": 250, "address": "kumundi", "phone": "7437965564", "country": "india", "city": "bbsr", "state": "odisha", "dist": "ganjam", "zipcode": "761121", "date": "2021-10-05T09:51:02.548Z", "status": false}}, {"model": "store.order", "pk": 52, "fields": {"product": 7, "customer": 23, "quantity": 1, "price": 550, "address": "kumundi", "phone": "7437965564", "country": "india", "city": "bbsr", "state": "odisha", "dist": "ganjam", "zipcode": "761121", "date": "2021-10-05T09:51:02.577Z", "status": false}}, {"model": "store.order", "pk": 53, "fields": {"product": 13, "customer": 23, "quantity": 3, "price": 20, "address": "kumundi", "phone": "7437965564", "country": "india", "city": "bbsr", "state": "odisha", "dist": "ganjam", "zipcode": "761121", "date": "2021-10-05T09:51:02.598Z", "status": false}}, {"model": "store.order", "pk": 54, "fields": {"product": 1, "customer": 23, "quantity": 1, "price": 250, "address": "Kumundi", "phone": "07437965564", "country": "India", "city": "Bhubaneswar", "state": "Odisha", "dist": "ganjam", "zipcode": "751024", "date": "2021-11-25T17:05:36.100Z", "status": false}}]